<items gfxroot="gfx/items/" version="1">
	<active cache="all" name="Metal D6" description="Reroll..?" maxcharges="5" quality="3" gfx="Metal_D6.png" />
	<passive cache="all" name="Collector's Coin" description="Mine! >:(" quality="1" gfx="Collectors_Coin.png" />
	<passive cache="all" name="Chemical X" description="Oops..." quality="3" gfx="Chemical_X.png" />
	<passive cache="all" name="Ban Hammer" description="Banned!" quality="2" gfx="Ban_Hammer.png" />
	<passive cache="all" name="The Feet" description="Feeeet ;)" quality="1" gfx="Feet.png" />
	<passive cache="all" name="Dr. Banana" description="He's a professional" quality="4" gfx="Doctor_Banana.png" />
	<passive cache="all" name="Common Mystery" description="What Will You Get?" quality="1" gfx="Common_Mystery.png" />
	<passive cache="all" name="Rare Mystery" description="What Will You Get?" quality="2" gfx="Rare_Mystery.png" />
	<passive cache="all" name="Legendary Mystery" description="What Will You Get?" quality="3" gfx="Legendary_Mystery.png" />
	<active cache="all" name="Mystery Dice" description="Reroll into Mystery!" quality="2" maxcharges="4" gfx="Challenge_Dice.png" />
	
	<passive cache="all" name="Banana's Degree" description="Its real!" quality="2" gfx="Bananas_Degree.png" />
	<active cache="all" name="Reverse Card" description="No u!" quality="3" maxcharges="8" gfx="Reverse_Card.png" />
	<passive cache="all" name="GamerThePokemon" description="Corn and Monster girls?" quality="2" gfx="GTP.png" />
	<passive cache="all" name="Bubbles Without Makeup" description="WHAT?" quality="3" gfx="Bubbles_NoMakeup.png" />
	<passive cache="all" name="Sarced Heart" description="Trolled :)" quality="1" gfx="Sarced_Heart.png" />
	<passive cache="all" name="Skill Issue" description="The game just got harder..." quality="3" gfx="Skill_Issue.png" />
	<passive cache="all" name="Hot Coco" description="It burns.." quality="1" gfx="Hot_Coco.png" />
	<passive cache="all" name="Granola Bar" description="Easy to eat! :)" quality="1" gfx="Granola_Bar.png" />
	<passive cache="all" name="Corn" description="Gtp loves this!" quality="1" gfx="Corn.png" />
	<passive cache="all" name="BIG NUT" description="BIG NUT" quality="4" gfx="BIG_NUT.png" />
	<active cache="all" name="UwU Card" description="OwO" maxcharges="3" quality="3" gfx="UwU_Card.png" />
	<active cache="all" name="Tek The Modern Caveboy" description="Best Story Time" maxcharges="5" quality="3" gfx="Tek_Book.png" />
	<passive cache="all" name="Tek Effect" description="Placeholder" quality="0" gfx="" />
	<passive cache="all" name="Ma Boi Isaac" description="Hes fresh af" quality="2" gfx="Ma_Boi_Isaac.png" />
	<passive cache="all" name="Really Cool Sword" description="Its like... super coolz" quality="3" gfx="Really_Cool_Sword.png" />
	<passive cache="all" name="gr0g" description="Definitely wont sub.. ever" quality="1" gfx="gr0g.png" />
</items>
