<ItemPools>
	<Pool Name="treasure">
		<Item Name="Metal D6" Weight="0.5" DecreaseBy="1" RemoveOn="0.1"/>
		<Item Name="Collector's Coin" Weight="1" DecreaseBy="1" RemoveOn="0.1"/>
		<Item Name="Chemical X" Weight="1" DecreaseBy="1" RemoveOn="0.1"/>
		<Item Name="The Feet" Weight="1" DecreaseBy="1" RemoveOn="0.1"/>
		<Item Name="Ban Hammer" Weight="1" DecreaseBy="1" RemoveOn="0.1"/>
		<Item Name="Dr. Banana" Weight="1" DecreaseBy="1" RemoveOn="0.1"/>
		
		<Item Name="Banana's Degree" Weight="1" DecreaseBy="1" RemoveOn="0.1"/>
		<Item Name="Reverse Card" Weight="1" DecreaseBy="1" RemoveOn="0.1"/>
		<Item Name="GamerThePokemon" Weight="1" DecreaseBy="1" RemoveOn="0.1"/>
		<Item Name="Bubbles Without Makeup" Weight="1" DecreaseBy="1" RemoveOn="0.1"/>
		<Item Name="Skill Issue" Weight="1" DecreaseBy="1" RemoveOn="0.1"/>
		<Item Name="Hot Coco" Weight="1" DecreaseBy="1" RemoveOn="0.1"/>
		<Item Name="Granola Bar" Weight="1" DecreaseBy="1" RemoveOn="0.1"/>
		<Item Name="Corn" Weight="1" DecreaseBy="1" RemoveOn="0.1"/>
		<Item Name="BIG NUT" Weight="1" DecreaseBy="1" RemoveOn="0.1"/>
		<Item Name="UwU Card" Weight="1" DecreaseBy="1" RemoveOn="0.1"/>
		<Item Name="Tek The Modern Caveboy" Weight="1" DecreaseBy="1" RemoveOn="0.1"/>
		<Item Name="Ma Boi Isaac" Weight="1" DecreaseBy="1" RemoveOn="0.1"/>
		<Item Name="Really Cool Sword" Weight="1" DecreaseBy="1" RemoveOn="0.1"/>
		<Item Name="gr0g" Weight="1" DecreaseBy="1" RemoveOn="0.1"/>
	</Pool>
	<Pool Name="boss">
		<Item Name="gr0g" Weight="1" DecreaseBy="1" RemoveOn="0.1"/>
		<Item Name="Corn" Weight="1" DecreaseBy="1" RemoveOn="0.1"/>
		<Item Name="Granola Bar" Weight="1" DecreaseBy="1" RemoveOn="0.1"/>
		<Item Name="Hot Coco" Weight="1" DecreaseBy="1" RemoveOn="0.1"/>
		<Item Name="GamerThePokemon" Weight="1" DecreaseBy="1" RemoveOn="0.1"/>
		<Item Name="Collector's Coin" Weight="1" DecreaseBy="1" RemoveOn="0.1"/>
	</Pool>
	<Pool Name="shop">
		<Item Name="Really Cool Sword" Weight="1" DecreaseBy="1" RemoveOn="0.1"/>
		<Item Name="Tek The Modern Caveboy" Weight="1" DecreaseBy="1" RemoveOn="0.1"/>
		<Item Name="UwU Card" Weight="1" DecreaseBy="1" RemoveOn="0.1"/>
		<Item Name="Corn" Weight="1" DecreaseBy="1" RemoveOn="0.1"/>
		<Item Name="Granola Bar" Weight="1" DecreaseBy="1" RemoveOn="0.1"/>
		<Item Name="Hot Coco" Weight="1" DecreaseBy="1" RemoveOn="0.1"/>
		<Item Name="Banana's Degree" Weight="1" DecreaseBy="1" RemoveOn="0.1"/>
		<Item Name="Collector's Coin" Weight="1" DecreaseBy="1" RemoveOn="0.1"/>
		<Item Name="Ban Hammer" Weight="1" DecreaseBy="1" RemoveOn="0.1"/>
	</Pool>
	<Pool Name="devil">
		<Item Name="Really Cool Sword" Weight="1" DecreaseBy="1" RemoveOn="0.1"/>
		<Item Name="Skill Issue" Weight="1" DecreaseBy="1" RemoveOn="0.1"/>
		<Item Name="Bubbles Without Makeup" Weight="1" DecreaseBy="1" RemoveOn="0.1"/>
		<Item Name="Reverse Card" Weight="1" DecreaseBy="1" RemoveOn="0.1"/>
		<Item Name="Dr. Banana" Weight="1" DecreaseBy="1" RemoveOn="0.1"/>
		<Item Name="Chemical X" Weight="1" DecreaseBy="1" RemoveOn="0.1"/>
	</Pool>
	<Pool Name="angel">
		<Item Name="Really Cool Sword" Weight="1" DecreaseBy="1" RemoveOn="0.1"/>
		<Item Name="UwU Card" Weight="1" DecreaseBy="1" RemoveOn="0.1"/>
		<Item Name="BIG NUT" Weight="1" DecreaseBy="1" RemoveOn="0.1"/>
		<Item Name="Sarced Heart" Weight="1" DecreaseBy="1" RemoveOn="0.1"/>
		<Item Name="Dr. Banana" Weight="1" DecreaseBy="1" RemoveOn="0.1"/>
	</Pool>
	<Pool Name="secret">
		<Item Name="BIG NUT" Weight="1" DecreaseBy="1" RemoveOn="0.1"/>
		<Item Name="Dr. Banana" Weight="1" DecreaseBy="1" RemoveOn="0.1"/>
	</Pool>
	<Pool Name="challenge">
		<Item Name="Hot Coco" Weight="1" DecreaseBy="1" RemoveOn="0.1"/>
		<Item Name="GamerThePokemon" Weight="1" DecreaseBy="1" RemoveOn="0.1"/>
		<Item Name="Collector's Coin" Weight="1" DecreaseBy="1" RemoveOn="0.1"/>
	</Pool>
	<Pool Name="goldenChest">
		<Item Name="Hot Coco" Weight="1" DecreaseBy="1" RemoveOn="0.1"/>
		<Item Name="GamerThePokemon" Weight="1" DecreaseBy="1" RemoveOn="0.1"/>
		<Item Name="Collector's Coin" Weight="1" DecreaseBy="1" RemoveOn="0.1"/>
		<Item Name="Ban Hammer" Weight="1" DecreaseBy="1" RemoveOn="0.1"/>
		<Item Name="Dr. Banana" Weight="1" DecreaseBy="1" RemoveOn="0.1"/>
	</Pool>
	<Pool Name="redChest">
		<Item Name="Skill Issue" Weight="1" DecreaseBy="1" RemoveOn="0.1"/>
		<Item Name="Ban Hammer" Weight="1" DecreaseBy="1" RemoveOn="0.1"/>
		<Item Name="Dr. Banana" Weight="1" DecreaseBy="1" RemoveOn="0.1"/>
	</Pool>
	<Pool Name="curse">
		<Item Name="Bubbles Without Makeup" Weight="1" DecreaseBy="1" RemoveOn="0.1"/>
		<Item Name="Reverse Card" Weight="1" DecreaseBy="1" RemoveOn="0.1"/>
		<Item Name="Ban Hammer" Weight="1" DecreaseBy="1" RemoveOn="0.1"/>
	</Pool>
	<Pool Name="beggar">
		<Item Name="gr0g" Weight="1" DecreaseBy="1" RemoveOn="0.1"/>
		<Item Name="GamerThePokemon" Weight="1" DecreaseBy="1" RemoveOn="0.1"/>
		<Item Name="The Feet" Weight="1" DecreaseBy="1" RemoveOn="0.1"/>
		<Item Name="Collector's Coin" Weight="1" DecreaseBy="1" RemoveOn="0.1"/>
	</Pool>
	<Pool Name="demonBeggar">
		<Item Name="The Feet" Weight="1" DecreaseBy="1" RemoveOn="0.1"/>
		<Item Name="Ban Hammer" Weight="1" DecreaseBy="1" RemoveOn="0.1"/>
	</Pool>
	<Pool Name="keyMaster">
		<Item Name="The Feet" Weight="1" DecreaseBy="1" RemoveOn="0.1"/>
		<Item Name="Collector's Coin" Weight="1" DecreaseBy="1" RemoveOn="0.1"/>
	</Pool>
	<Pool Name="dungeon">
		<Item Name="Collector's Coin" Weight="1" DecreaseBy="1" RemoveOn="0.1"/>
	</Pool>
	<Pool Name="bombBum">
		<Item Name="The Feet" Weight="1" DecreaseBy="1" RemoveOn="0.1"/>
	</Pool>
	<Pool Name="library">
		<Item Name="Tek The Modern Caveboy" Weight="1" DecreaseBy="1" RemoveOn="0.1"/>
	</Pool>

</ItemPools>
